service_a,endpoint_a_class,endpoint_a_method,endpoint_a_http,endpoint_a_path,service_b,endpoint_b_class,endpoint_b_method,endpoint_b_http,endpoint_b_path,llm_reasoning
dubbo,SpringRestService,param,GET,/param,spring-boot-microservices,UserController,getUsers,GET,/,"No Conflict

Explanation: The two endpoints are using the same HTTP method (GET) but have different paths and likely serve different purposes based on their context. 

- Service A's endpoint `/param` seems to be related to retrieving parameters or configurations, given the name ""param"" in both the path and method.
- Service B's endpoint `/`, typically a root path, suggests it is intended for retrieving a list of users, especially considering it is in the `UserController` class with a method named `getUsers`.

These endpoints serve different functional domains; one is likely serving configuration or a specific parameter, while the other is focused on user-related data. Therefore, there is no conflict between them."
dubbo,SpringRestService,param,GET,/param,spring-boot-microservices,UserController,getUserByUserName,GET,{userName},"No Conflict

Explanation: 
- The HTTP method used in both endpoints is GET, but their paths are different.
- Endpoint 1 has a fixed path `/param`, while Endpoint 2 has a dynamic path `{userName}`. These serve different purposes, as the first likely retrieves some parameters or settings without any user-specific context, whereas the second appears to be related to user information retrieval based on a username.
- There is no overlap in resource paths or context, so they do not conflict with each other."
dubbo,SpringRestService,param,GET,/param,spring-boot-microservices,CommentsController,getCommentsByTaskId,GET,/{taskId},"No Conflict

The two REST API endpoints are not conflicting or equivalent as they serve different purposes despite both using the GET method. 

- Service A's endpoint (`GET /param`) suggests that it returns some parameters or configuration, and its path does not include any dynamic elements (e.g., path variables).
- Service B's endpoint (`GET /{taskId}`) clearly indicates that it is designed to retrieve comments or related data for a specific task, identified by `taskId`, which is a path variable.

As they cater to different functionalities and use cases, there is no overlap or conflict between these endpoints."
dubbo,SpringRestService,param,GET,/param,spring-boot-microservices,AuthUserController,getCurrentLoggedInUser,REQUEST,/me,"No Conflict.

The two endpoints from the different microservices do not conflict or perform equivalent operations based on the provided information:

1. **Method and Path Analysis:**
   - **Service A's Endpoint 1:** Uses a GET method with the path `/param`, which suggests it is likely retrieving some specific parameters or configuration details, perhaps related to the service or API configurations.
   - **Service B's Endpoint 2:** Uses a custom REQUEST method with the path `/me`. While ""REQUEST"" is not a standard HTTP method, it seems intended to represent retrieving session-related or user-specific data, typically involving authentication or user context with the getCurrentLoggedInUser method.

2. **Context and Purpose:**
   - **Service A** appears to be focused on generic or service-wide parameters (possibly application configurations or service-specific settings).
   - **Service B** is focused on user-specific data, potentially involving authentication or session management, as indicated by the class `AuthUserController` and method `getCurrentLoggedInUser`.

Since the endpoints serve distinct purposes and contexts without shared operations, paths, or methods, they do not interfere with each other. This confirms they are unrelated in functionality."
dubbo,SpringRestService,param,GET,/param,spring-boot-microservices,TaskController,getTasks,GET,/,"No Conflict

Reasoning: The endpoints from the two services have different paths and are likely serving different purposes based on their context.

- Service A's endpoint is `GET /param`. The path `/param` suggests that it might be related to retrieving parameters or some configuration details as part of the SpringRestService.

- Service B's endpoint is `GET /`, which is typically the root path and often used to list or access a default resource of a service. In this context, `TaskController` and `getTasks` method indicate that this endpoint is likely fetching a list of tasks or some sort of task overview.

Since the paths and the implied functionalities differ significantly, the endpoints are unrelated and do not overlap in responsibilities, resulting in no conflict."
dubbo,SpringRestService,param,GET,/param,spring-boot-microservices,TaskController,getTaskByTaskId,GET,{taskId},"No Conflict

Explanation: The two endpoints are from different services and have different paths and contexts. Service A's endpoint is a GET request to the `/param` path, while Service B's endpoint is a GET request to a dynamic path using a task identifier `{taskId}`, which suggests it is designed to retrieve specific tasks by their ID. There is no overlap in their functionality or purpose."
dubbo,SpringRestService,param,GET,/param,spring-boot-microservices,TaskController,getTasksByUserName,GET,/usertask/{userName},"No Conflict

The endpoints from Service A and Service B are unrelated in terms of their HTTP method, path, and context. 

- Service A's endpoint `/param` uses the GET method and appears to be retrieving some generic parameters, likely for configuration or some other purpose, given the lack of a specific identifier in the path.

- Service B's endpoint `/usertask/{userName}` uses the GET method and is designed to retrieve user-specific tasks, as indicated by the use of a user identifier `{userName}` in the path, suggesting it's fetching tasks related to a particular user.

Since they serve different purposes and target different resources, they do not conflict with each other."
dubbo,SpringRestService,params,POST,/params,spring-boot-microservices,UserController,getUsers,GET,/,"No Conflict

The endpoints in Service A and Service B are not functionally equivalent nor conflicting due to several reasons:

1. **HTTP Method**: 
   - Service A uses a `POST` method which typically indicates an action that creates or modifies some resource.
   - Service B uses a `GET` method which is generally used for retrieving information without modifying anything.

2. **Path**:
   - Service A's path is `/params`, which implies it likely deals with parameter-related operations, potentially handling input data.
   - Service B's path is `/`, which usually represents fetching a default set of resources, likely retrieving a list of users as indicated by the method name `getUsers`.

3. **Context/Class Method Associations**:
   - The class and method names in Service A (`SpringRestService`, `params`) suggest operations related to parameters, likely handling or processing parameter data from the request.
   - Service B's association (`UserController`, `getUsers`) is clearly related to retrieving user data, and the method `getUsers` suggests fetching user information from the system.

Overall, the actions performed by these endpoints and their purposes are distinct, and thus they do not conflict with each other."
dubbo,SpringRestService,params,POST,/params,spring-boot-microservices,UserController,getUserByUserName,GET,{userName},"No Conflict

Explanation: The endpoints from Service A and Service B are using different HTTP methods and serve different purposes. 

- Endpoint 1 from Service A uses the POST method on the path `/params`. The POST method is generally used to submit data to be processed to a specified resource.

- Endpoint 2 from Service B uses the GET method and appears to be a placeholder path `{userName}` to retrieve user data by username. GET is typically used for retrieving data and should not modify any resource on the server.

Since they operate under different contexts and use different HTTP methods, they are unrelated in their operations and do not conflict with each other."
dubbo,SpringRestService,params,POST,/params,spring-boot-microservices,CommentsController,getCommentsByTaskId,GET,/{taskId},"No Conflict

The two endpoints are unrelated in terms of functionality and context. 

- Service A's endpoint is a POST method at the path `/params`, suggesting it's intended for creating or updating resources related to ""params"". The method `params` in the context of a `SpringRestService` class might be dealing with parameters as input, fitting with an operation that modifies server state.

- Service B's endpoint is a GET method with the path format `/{taskId}`, which indicates it's intended for retrieving resources, specifically getting comments associated with a particular task ID. This is typically a read-only operation that fetches data based on the given path parameter.

The difference in HTTP methods (POST vs. GET), paths (`/params` vs. `/{taskId}`), and their respective functionalities (parameter handling vs. comment retrieval) indicate there is no functional overlap or conflict between these endpoints."
dubbo,SpringRestService,params,POST,/params,spring-boot-microservices,AuthUserController,getCurrentLoggedInUser,REQUEST,/me,"No Conflict

Reasoning: The endpoints from Service A and Service B do not have any overlapping functionality that would cause a conflict. Service A's endpoint is a POST request to the path `/params`, which suggests it is likely intended for creating or updating resources related to ""params"". Meanwhile, Service B's endpoint is indicated with a ""REQUEST"" method, which is unusual but may imply a generic request type or is incorrectly labeled. Assuming it could be a GET request (given the method named `getCurrentLoggedInUser`), it targets the path `/me`, which likely retrieves information about the currently authenticated user. The semantic paths and likely intended operations of these endpoints are different, so they do not conflict with each other."
dubbo,SpringRestService,params,POST,/params,spring-boot-microservices,TaskController,getTasks,GET,/,"No Conflict

Reasoning: The two endpoints from Service A and Service B are functionally different and serve unrelated purposes based on their HTTP methods and paths. 

- Service A's endpoint is a POST request to /params, which typically indicates the creation or update of a resource involving request data.
- Service B's endpoint is a GET request to the root path (/), which usually indicates retrieval of information, such as listing resources or returning home page data. 

The difference in HTTP methods (POST vs GET) and paths ensures no conflict in their purposes or functionalities."
dubbo,SpringRestService,params,POST,/params,spring-boot-microservices,TaskController,getTaskByTaskId,GET,{taskId},"No Conflict

The endpoints from Service A and Service B are not functionally equivalent or conflicting. Here is the reasoning:

1. **HTTP Method**: 
   - Service A uses a POST method, which is typically used to create or update resources. 
   - Service B uses a GET method, which is designed to retrieve information.

2. **Path**:
   - Service A's path is `/params`, which suggests it is related to parameters, but does not give any specific indication about its exact functionality without additional context.
   - Service B's path is structured with a `{taskId}` path variable, indicating it's likely used to fetch details of a specific task by its ID.

3. **Context**:
   - There's no direct context overlap from the given information. Service A involves a generic `/params` endpoint which could relate to any number of operations involving parameters, whereas Service B is dealing with task management.

Due to the differing purposes, methods, and paths, these endpoints do not interfere with or override each other's functionality."
dubbo,SpringRestService,params,POST,/params,spring-boot-microservices,TaskController,getTasksByUserName,GET,/usertask/{userName},"No Conflict

The two endpoints from different microservices do not conflict with each other because they have different HTTP methods, paths, and likely serve different purposes:

1. **HTTP Method**:
   - Service A's endpoint uses the POST method, which typically indicates that it is used to create or update a resource.
   - Service B's endpoint uses the GET method, which is generally used to retrieve information.

2. **Path**:
   - Service A's path is `/params`, which suggests that it is dealing with some parameters, but it is not specific about the entity or resource it addresses.
   - Service B's path is `/usertask/{userName}`, indicating that it retrieves tasks related to a specific user identified by `userName`.

3. **Context**:
   - Service A, seemingly through its method and class names, appears to deal with parameter handling possibly in a general or configuration context.
   - Service B's endpoint is specific to retrieving user tasks, suggesting it deals with task management associated with specific users.

Given these differences in method, path, and purpose, these endpoints are functionally unrelated and do not conflict with each other."
dubbo,SpringRestService,headers,GET,/headers,spring-boot-microservices,UserController,getUsers,GET,/,"No Conflict.

**Reasoning:**

- **HTTP Method:** Both endpoints use the GET method.
- **Path:** Service A's path is `/headers`, whereas Service B's path is `/`. These paths are different.
- **Context and Functionality:** In Service A, `/headers` suggests it may be returning some header information, possibly related to request or application metadata. In Service B, `/` suggests it might be the root endpoint of the service likely returning a list of users or a home page data as indicated by the method `getUsers`.

Given that the URLs and likely purposes of these endpoints are different, they do not overlap in functionality and therefore do not conflict with each other."
dubbo,SpringRestService,headers,GET,/headers,spring-boot-microservices,UserController,getUserByUserName,GET,{userName},"No Conflict

Reasoning:
- The HTTP methods for both endpoints are the same (GET), indicating that they are both used to retrieve data.
- The paths are different and not related. Service A's endpoint is ""/headers"", which suggests it retrieves HTTP headers or some header-related information. Service B's endpoint is ""/{userName}"", which is a path parameter representing a specific user, likely used to retrieve user information based on their username.
- The context of each endpoint is entirely different: one is focused on headers and the other on user data. They operate in different areas and do not overlap in terms of functionality or data access."
dubbo,SpringRestService,headers,GET,/headers,spring-boot-microservices,CommentsController,getCommentsByTaskId,GET,/{taskId},"No Conflict

Explanation: The endpoints in question are from two different services and serve distinct purposes. 

- Service A's endpoint is a GET request to `/headers`, likely intended to retrieve header information in the context defined by Service A.
  
- Service B's endpoint is a GET request to `/{taskId}`, which indicates that this endpoint is likely used to retrieve comments associated with a specific task, as indicated by the `{taskId}` path parameter. 

These endpoints are unrelated in functionality as they serve different parts of potentially different applications, and they also utilize different paths which do not overlap in naming or structure."
dubbo,SpringRestService,headers,GET,/headers,spring-boot-microservices,AuthUserController,getCurrentLoggedInUser,REQUEST,/me,"No Conflict

The endpoints from Service A and Service B are unrelated in terms of their functionality, context, and HTTP methods. 

- Service A's endpoint is a `GET /headers`, which suggests that it might be used to retrieve header information, perhaps related to a request or other data structures managed by the `SpringRestService` class.

- Service B's endpoint uses the `REQUEST` method with the path `/me`. While ""REQUEST"" is not a standard HTTP method (likely a typographical error or a placeholder), assuming it intends to suggest an endpoint meant for HTTP operations targeting user authentication context based on the class name (`AuthUserController`) and method name (`getCurrentLoggedInUser`).

Given the distinct paths (`/headers` vs. `/me`) and the presumed functionalities from the class and method names, they serve different purposes with no overlap or conflict between their operations."
dubbo,SpringRestService,headers,GET,/headers,spring-boot-microservices,TaskController,getTasks,GET,/,"No Conflict.

Reasoning: 
- The HTTP methods for both endpoints are GET, but they serve different purposes based on their paths and contexts.
- In Service A, the path is `/headers`, suggesting that the endpoint is likely used to retrieve HTTP headers or similar header-related information.
- In Service B, the path is `/`, which generally indicates a root endpoint, and considering the context provided by the method `getTasks`, it is likely related to retrieving a list of tasks or task-related information.
- As they perform different functions and target different resources, there is no conflict between these endpoints."
dubbo,SpringRestService,headers,GET,/headers,spring-boot-microservices,TaskController,getTaskByTaskId,GET,{taskId},"No Conflict

The two endpoints are unrelated because they have different purposes, despite both using the GET method. Endpoint 1 in Service A is likely retrieving some kind of header information, whereas Endpoint 2 in Service B is retrieving a task based on a task ID, indicated by the placeholder `{taskId}`. The paths and contexts are different, so they do not conflict or provide equivalent functionality."
dubbo,SpringRestService,headers,GET,/headers,spring-boot-microservices,TaskController,getTasksByUserName,GET,/usertask/{userName},"No Conflict

The two endpoints are unrelated and do not conflict with each other. They both use the GET HTTP method, but the paths and contexts are different:

1. **Service A: GET /headers** - This endpoint seems to be retrieving header information of some sort, possibly related to the request or the application itself, given the generic path '/headers'.

2. **Service B: GET /usertask/{userName}** - This endpoint is designed to retrieve tasks for a specific user, as indicated by the path parameter `{userName}`. The context here is specific to user tasks.

The functionalities are distinct, and there is no overlap in the purpose or the path structure of these endpoints."
dubbo,SpringRestService,pathVariables,GET,/path-variables/{p1}/{p2},spring-boot-microservices,UserController,getUsers,GET,/,"No Conflict

Explanation: 
The endpoint from Service A utilizes a GET method with a specific path that includes two path variables (`/path-variables/{p1}/{p2}`), indicating it is designed to handle requests that provide these variables in the URL path. This suggests that it serves a specific purpose based on the input values of `p1` and `p2`.

On the other hand, the endpoint from Service B is a GET request to the root path (`/`), suggesting a more general retrieval operation, likely returning a list or resource collection, as implied by the context of the class and method (`UserController`, `getUsers`).

Given the distinct paths and apparent purposes of the endpoints, they are unrelated and do not conflict or serve equivalent functions."
dubbo,SpringRestService,pathVariables,GET,/path-variables/{p1}/{p2},spring-boot-microservices,UserController,getUserByUserName,GET,{userName},"No Conflict

The two endpoints belong to different services and have different contexts and purposes. 

- Service A's endpoint is explicitly designed to handle requests with path variables at the specified path '/path-variables/{p1}/{p2}'. This suggests a more generic or different resource-type handling based on two dynamic segments in the URL.

- Service B's endpoint seems to be handling a specific resource, likely accessing user information by username, which is indicated by the root path containing '{userName}' directly.

These endpoints do not overlap in functionality, given that they serve different resources and operations. Additionally, they have different path structures that prevent any potential for conflict in routing."
dubbo,SpringRestService,pathVariables,GET,/path-variables/{p1}/{p2},spring-boot-microservices,CommentsController,getCommentsByTaskId,GET,/{taskId},"No Conflict

The two endpoints, while both using the GET method, have different paths and contexts, indicating distinct functionalities. 

1. **HTTP Method:** Both use the GET method, which generally retrieves data without side effects.

2. **Path:**
   - Service A's endpoint: `/path-variables/{p1}/{p2}`. This indicates a structure where two path variables are expected. The path suggests that it's designed to handle requests requiring two segments of dynamic data.
   - Service B's endpoint: `/{taskId}`. This path expects a single path variable, likely representing a specific task ID to retrieve information relevant to that task.

3. **Context and Naming:**
   - Service A: The method name and class suggest this endpoint likely handles various operations related to two provided path variables.
   - Service B: The method name and class (`CommentsController`, `getCommentsByTaskId`) suggest functionality focused on retrieving comments related to a specific task using a task ID.

Neither the path structures nor the classes/methods indicate similar or overlapping purposes. Therefore, these endpoints are unrelated in functionality and do not conflict with each other."
dubbo,SpringRestService,pathVariables,GET,/path-variables/{p1}/{p2},spring-boot-microservices,AuthUserController,getCurrentLoggedInUser,REQUEST,/me,"No Conflict. 

The endpoints from Service A and Service B have different HTTP methods, paths, and contexts. 

- Service A uses a GET method with the path `/path-variables/{p1}/{p2}`, which indicates the use of path variables to retrieve specific resources or information based on those path segments.
- Service B uses a non-standard 'REQUEST' method (which might be a typo or internal convention) with the path `/me`, generally used to retrieve information about the current logged-in user, typical for user authentication or profile data.

The endpoints serve different purposes and are associated with different functionalities. Therefore, they do not conflict with each other."
dubbo,SpringRestService,pathVariables,GET,/path-variables/{p1}/{p2},spring-boot-microservices,TaskController,getTasks,GET,/,"No Conflict

The two endpoints are not functionally equivalent and do not conflict with each other. They differ in both structure and intended purpose:

1. HTTP Method: Both endpoints use the GET method, which is used to retrieve data. This commonality alone does not create a conflict.
   
2. Paths: 
   - Endpoint 1 from Service A uses a path with variables: `/path-variables/{p1}/{p2}`. This suggests it is designed to handle more dynamic data based on the path parameters `{p1}` and `{p2}`.
   - Endpoint 2 from Service B uses the root path `/`. This typically indicates a request for a general resource collection or a default method without path parameters.

3. Context: 
   - The context and naming ('pathVariables') of Endpoint 1 suggest it is dealing with some operation specific to multiple dynamically provided path variables.
   - The context and naming ('getTasks') of Endpoint 2 suggest it is retrieving a list or collection of tasks, likely as a primary resource of this service.

Due to these differences, there is no overlap or conflict in their functionality or likely data operations."
dubbo,SpringRestService,pathVariables,GET,/path-variables/{p1}/{p2},spring-boot-microservices,TaskController,getTaskByTaskId,GET,{taskId},"No Conflict

Explanation: The endpoints from the two services are not functionally overlapping. Service A's endpoint defines a GET request using a path with two variables in the path (`{p1}` and `{p2}`), which indicates it is expecting two distinct pieces of path information. Service B's endpoint suggests it is using a single path variable (`{taskId}`) as its identifier, implying a different usage in a different context. Additionally, the two services (dubbo and spring-boot-microservices) may represent entirely different applications or functional areas, judging by their naming and structural context in the endpoints provided."
dubbo,SpringRestService,pathVariables,GET,/path-variables/{p1}/{p2},spring-boot-microservices,TaskController,getTasksByUserName,GET,/usertask/{userName},"No Conflict

The two endpoints are not functionally equivalent or conflicting due to differences in their paths and likely contexts:

1. **HTTP Method**: Both endpoints use the GET method, making them suitable for retrieving information. However, method similarity alone does not imply conflict or equivalence.

2. **Path**: 
   - **Service A**: The path `/path-variables/{p1}/{p2}` suggests a more generic use involving two unspecified path variables (`{p1}` and `{p2}`). This indicates that the endpoint is designed to handle requests based on these two parameters, and its purpose can vary considerably depending on how these variables are utilized.
   - **Service B**: The path `/usertask/{userName}` suggests a focused context related to tasks associated with a specific user identified by `{userName}`. This endpoint is specifically geared towards task retrieval for a given user.

3. **Context and Functionality**:
   - **Service A**: Without additional context, the purpose of `pathVariables` is unclear, but the endpoint is potentially generic and can apply to various use cases depending on the rest of the application's design.
   - **Service B**: `getTasksByUserName` strongly indicates a focus on user-specific data retrieval related to tasks, implying a specific business logic centered around user task management.

Given these distinctions, the endpoints serve different purposes in their respective services and do not overlap in terms of functionality or intended use. Therefore, they do not conflict with each other."
dubbo,SpringRestService,form,POST,/form,spring-boot-microservices,UserController,getUsers,GET,/,"No Conflict

The endpoints from Service A and Service B use different HTTP methods and serve different functionalities. Service A's endpoint is a POST request at the path ""/form"", which likely involves submitting data, as indicated by the method name ""form"". Service B's endpoint is a GET request at the path ""/"", which generally means it is designed to retrieve data, in this case, probably user-related data given the class name ""UserController"" and method name ""getUsers"". The differences in HTTP method, path, and the context of each service suggest that these endpoints are unrelated and do not conflict with each other."
dubbo,SpringRestService,form,POST,/form,spring-boot-microservices,UserController,getUserByUserName,GET,{userName},"No Conflict

The two endpoints are clearly unrelated in both function and context. 

1. **HTTP Method**: One endpoint uses POST while the other uses GET. POST is typically used to create or update a resource, while GET is used to retrieve information without changing the state on the server.

2. **Path and Context**:
   - Service A's endpoint is `/form`, which suggests it's meant for submitting or processing a form and is part of a Dubbo service using Spring Rest.
   - Service B's endpoint involves a path parameter `{userName}`, indicating it's designed to retrieve user information based on a username in a Spring Boot application.

These differences in purpose and implementation context indicate that the endpoints cater to distinct functionalities and use cases, leading to no conflict between them."
dubbo,SpringRestService,form,POST,/form,spring-boot-microservices,CommentsController,getCommentsByTaskId,GET,/{taskId},"No Conflict

The two endpoints have different HTTP methods and paths, and they belong to distinct contexts and functionalities. Endpoint 1 is a POST request to ""/form,"" which typically suggests creating or submitting a form, while Endpoint 2 is a GET request to ""/{taskId},"" indicating it retrieves comments associated with a specific task. The services and classes they belong to further reflect distinct purposes: one seems focused on forms and the other on querying comments by task ID. Thus, there is no overlap or conflict between these endpoints."
dubbo,SpringRestService,form,POST,/form,spring-boot-microservices,AuthUserController,getCurrentLoggedInUser,REQUEST,/me,"No Conflict.

The two endpoints are from different services and have different HTTP methods, paths, and functionalities. 

1. Service A's endpoint is a POST request to /form, which suggests it's likely dealing with creating or submitting a form. The method name 'form' implies functionality related to form management.

2. Service B's endpoint is accessing or performing an action related to /me within a user authentication context. Although the HTTP method is not specified (indicated by 'REQUEST'), it appears to be involved with retrieving or interacting with the current logged-in user's information, as suggested by '/me' and the method name 'getCurrentLoggedInUser'.

These endpoints belong to completely different contexts and functionalities between the two services, leading to no overlap or conflict."
dubbo,SpringRestService,form,POST,/form,spring-boot-microservices,TaskController,getTasks,GET,/,"No Conflict

The endpoints from Service A and Service B are unrelated. Service A's endpoint uses the POST method for the path `/form`, whereas Service B's endpoint uses the GET method for the root path `/`. The HTTP methods and paths are different, indicating that they serve different purposes and do not conflict with each other. Additionally, the context of the endpoints appears different as well, with Service A likely dealing with form submissions and Service B focused on retrieving tasks."
dubbo,SpringRestService,form,POST,/form,spring-boot-microservices,TaskController,getTaskByTaskId,GET,{taskId},"No Conflict.

These two endpoints are unrelated in function, method, and context. 

- **HTTP Method**: Service A uses POST, implying the creation or submission of data. Service B uses GET, typically for retrieving data.
- **Path**: Service A's endpoint is `/form`, which suggests handling form-related data or submission. Service B has a dynamic path `{taskId}`, suggesting it retrieves information for a specific task based on its ID.
- **Context**: The contexts of the services also differ. Service A seems to handle form submissions in the context of a service likely related to forms, whereas Service B is focused on accessing specific tasks, implying a task management context.

Given these differences, there's no functional overlap or conflict between the two endpoints."
dubbo,SpringRestService,form,POST,/form,spring-boot-microservices,TaskController,getTasksByUserName,GET,/usertask/{userName},"No Conflict

The two endpoints are unrelated in terms of function and purpose. Endpoint 1 from Service A uses the POST method on the path /form, which typically indicates creating or submitting a form or data. On the other hand, Endpoint 2 from Service B uses the GET method on the path /usertask/{userName}, indicating that it retrieves information about user tasks based on the userName provided in the path. The HTTP methods (POST vs. GET) and the paths indicate entirely different operations and resources in the context of their respective services."
dubbo,SpringRestService,requestBodyMap,POST,/request/body/map,spring-boot-microservices,UserController,getUsers,GET,/,"No Conflict

The endpoints in question are not functionally equivalent nor conflicting. They differ in the following ways:

1. HTTP Method: 
   - Endpoint 1 uses the POST method, which is typically used to submit data or perform an operation that may change the server's state.
   - Endpoint 2 uses the GET method, which is used to retrieve information from the server without causing any side effects.

2. Path:
   - Endpoint 1's path is /request/body/map, indicating it is likely dealing with a specific operation related to processing or mapping request bodies.
   - Endpoint 2's path is simply /, usually indicating the retrieval of a list or general resource, in this case, likely users given the class context.

3. Context and Functionality:
   - Endpoint 1 is part of a service focusing on request body mapping, which suggests it is processing or manipulating incoming data.
   - Endpoint 2, based on its class `UserController` and method name `getUsers`, suggests it is providing a user-related functionality, probably returning a list of users.

Given these differences, there are no functional overlaps or conflicts between these endpoints."
dubbo,SpringRestService,requestBodyMap,POST,/request/body/map,spring-boot-microservices,UserController,getUserByUserName,GET,{userName},"No Conflict

The endpoints from Service A and Service B are unrelated because they differ in their HTTP methods, paths, and context.

- Service A's endpoint uses the POST method and is designed to handle requests at the path `/request/body/map`. This typically indicates that it accepts a request body, possibly to create or process data.

- Service B's endpoint uses the GET method with a dynamic path parameter `{userName}`. This suggests that it's retrieving data (likely user details) based on a specific userName.

The functional purposes, contexts, and uses of these endpoints are distinct, leading to no interference or overlap between them."
dubbo,SpringRestService,requestBodyMap,POST,/request/body/map,spring-boot-microservices,CommentsController,getCommentsByTaskId,GET,/{taskId},"No Conflict

Reasoning: The two API endpoints from Service A and Service B are fundamentally different in several aspects:

1. HTTP Method:
   - Service A's Endpoint 1 uses a POST method, which is typically used for creating resources or submitting data to a server.
   - Service B's Endpoint 2 uses a GET method, which is typically used for retrieving data from a server and does not modify any resources.

2. Path and Parameters:
   - Service A’s endpoint has a fixed path `/request/body/map`, which does not include any path parameters. It likely expects a request body since it uses the POST method.
   - Service B’s endpoint has a dynamic path `/{taskId}` indicating that it retrieves data related to a specific task identified by `taskId`, which suggests a focus on fetching resources based on an identifier.

3. Context:
   - Service A's context (SpringRestService and method requestBodyMap) suggests that it deals with operations related to handling data maps in some way.
   - Service B's context (CommentsController and method getCommentsByTaskId) indicates it deals with fetching comments related to a specific task.

These differences in HTTP methods, paths, and contextual purposes mean that these endpoints do not overlap in functionality, hence they do not conflict or serve equivalent purposes."
dubbo,SpringRestService,requestBodyMap,POST,/request/body/map,spring-boot-microservices,AuthUserController,getCurrentLoggedInUser,REQUEST,/me,"No Conflict

The endpoints from Service A and Service B are not functionally equivalent or conflicting. Here’s the breakdown:

1. **HTTP Method**: 
   - Service A uses the POST method.
   - Service B uses the REQUEST method. Although ""REQUEST"" is not a standard HTTP method, it suggests it could handle multiple HTTP methods like GET, POST, etc., but no specific equivalent to ""POST"" from Service A can be assumed without more context.

2. **Path**:
   - Service A has an endpoint at `/request/body/map`.
   - Service B has a different endpoint path at `/me`. 

3. **Context**:
   - The context of Service A involves processing something that involves a request body map, which suggests data submission or modification.
   - The context of Service B, handled by `AuthUserController`, likely relates to user authentication or session management, focusing on retrieving or managing information about the current logged-in user.

Due to different HTTP methods, paths, and context in which they are used, these endpoints are unrelated."
dubbo,SpringRestService,requestBodyMap,POST,/request/body/map,spring-boot-microservices,TaskController,getTasks,GET,/,"No Conflict

The two endpoints are different in the following ways:

1. **HTTP Method**: Endpoint 1 uses POST, intended for creating or updating resources, while Endpoint 2 uses GET, which is typically used for retrieving data. This distinguishes their primary purposes and functionalities.

2. **Path**: Endpoint 1's path is ""/request/body/map"", indicating it is likely handling specific data interactions at this path, potentially involving handling JSON or data input through a map structure. Conversely, Endpoint 2 has a simpler path ""/"", suggesting it operates at the root level of the service, likely providing a list of tasks or some general overview.

Since the two endpoints do not overlap in intention, data handling, or functionality, they do not conflict with each other."
dubbo,SpringRestService,requestBodyMap,POST,/request/body/map,spring-boot-microservices,TaskController,getTaskByTaskId,GET,{taskId},"No Conflict.

The endpoints in Service A and Service B are unrelated, as they differ in several aspects:

1. **HTTP Method**: 
   - Service A uses the POST method, which is typically used for creating or updating a resource.
   - Service B uses the GET method, which is typically used for retrieving data without modifying the state of the resource.

2. **Path and Purpose**:
   - The path in Service A is `/request/body/map`, which suggests it deals with submitting or processing a map data structure in the request body, typically for creation or update purposes.
   - The path in Service B includes `{taskId}`, which indicates it is used for retrieving a specific task identified by an ID. This is a read operation focused on fetching details about a specific resource.

3. **Context**:
   - Service A's endpoint appears to be general or related to some mapping functionality, possibly dealing with data transformation or storage.
   - Service B's endpoint is specific to task management, likely involving retrieval of specific task information, a different domain or service function from Service A.

Given these differences, there's no functional overlap, and thus no conflict between the two endpoints."
dubbo,SpringRestService,requestBodyMap,POST,/request/body/map,spring-boot-microservices,TaskController,getTasksByUserName,GET,/usertask/{userName},"No Conflict.

The two endpoints have different HTTP methods and paths, indicating they are serving different purposes. Endpoint 1 in Service A uses the POST method on the path `/request/body/map`, which typically involves creating or processing data with a request body, likely dealing with a map data structure. On the other hand, Endpoint 2 in Service B uses the GET method on the path `/usertask/{userName}`, which suggests it is retrieving data related to a user's tasks by username. The operations, contexts, and purposes of these endpoints do not overlap, leading to no conflict."
dubbo,SpringRestService,requestBodyUser,POST,/request/body/user,spring-boot-microservices,UserController,getUsers,GET,/,"No Conflict

The two endpoints are unrelated in terms of their HTTP methods, paths, and contexts. 

- Endpoint 1 in Service A uses a POST method for ""/request/body/user"", which typically indicates that it's intended to create or update user data based on the request body.
- Endpoint 2 in Service B uses a GET method for ""/"", which suggests that it likely retrieves a list of users or information without modifying any data on the server side.

Different HTTP methods (POST vs. GET), different paths (/request/body/user vs. /), and different intended operations (create/update vs. retrieve) indicate there is no conflict between these two endpoints. They serve different purposes and can coexist without issues in a system."
dubbo,SpringRestService,requestBodyUser,POST,/request/body/user,spring-boot-microservices,UserController,getUserByUserName,GET,{userName},"No Conflict

The two endpoints are not conflicting nor functionally equivalent due to several key differences:

1. **HTTP Method**: 
   - Service A uses a POST method, typically used for creating or updating resources on the server.
   - Service B uses a GET method, which is generally used to retrieve data from the server without making any modifications.

2. **Path and Purpose**:
   - The path in Service A is `/request/body/user`, suggesting it is expected to process data sent in the request body related to users, possibly for creation or update.
   - Service B uses a path parameter `{userName}`, indicating it is designed to retrieve user information based on a provided username.

3. **Context**:
   - The context of Service A's endpoint is likely to involve data submission or manipulation related to users.
   - Service B's endpoint is focused on fetching information, with no submission or modification of data implied.

These differences in HTTP method and intended use clearly indicate that the endpoints serve different purposes and do not interfere with each other."
dubbo,SpringRestService,requestBodyUser,POST,/request/body/user,spring-boot-microservices,CommentsController,getCommentsByTaskId,GET,/{taskId},"No Conflict.

The two endpoints serve different purposes and operate in different contexts:

1. **Service A, Endpoint 1**: This is a `POST` request to `/request/body/user`. It is used to send data (presumably user information based on the path) to the server. The method `requestBodyUser` implies handling a request body, typically involving creating or updating user data.

2. **Service B, Endpoint 2**: This is a `GET` request to `/{taskId}`. It is used to retrieve data based on a `taskId` parameter. The method name `getCommentsByTaskId` indicates that it returns comments associated with a specific task.

The HTTP methods (`POST` vs. `GET`), paths, and intentions (handling user data vs. fetching comments for a task) are distinct, resulting in no overlap or functional conflict between the two endpoints."
dubbo,SpringRestService,requestBodyUser,POST,/request/body/user,spring-boot-microservices,AuthUserController,getCurrentLoggedInUser,REQUEST,/me,"No Conflict

Explanation: 
The two endpoints serve different purposes and operate in different contexts. Endpoint 1 in Service A is a POST request that appears to create or update a user by accepting a request body, as suggested by the path `/request/body/user`. Endpoint 2 in Service B is a form of a GET request (despite being labeled as ""REQUEST,"" which is not an HTTP method) that retrieves information about the currently logged-in user, as suggested by the path `/me` and the context of the method name `getCurrentLoggedInUser`. They do not overlap in functionality."
dubbo,SpringRestService,requestBodyUser,POST,/request/body/user,spring-boot-microservices,TaskController,getTasks,GET,/,"No Conflict

The two endpoints are unrelated due to differences in their HTTP methods, paths, and intended functionality. Endpoint 1 in Service A uses a POST method to interact with the path ""/request/body/user"", likely indicating it's used to create or update a user's information. Endpoint 2 in Service B uses a GET method for the root path ""/"", suggesting it's intended to retrieve a list of tasks. Since they serve different purposes and exist in different contexts, there is no conflict between them."
dubbo,SpringRestService,requestBodyUser,POST,/request/body/user,spring-boot-microservices,TaskController,getTaskByTaskId,GET,{taskId},"No Conflict

The two endpoints are unrelated for several reasons:

1. **HTTP Method**: 
   - Endpoint 1 uses the POST method, which is typically used to create or update resources on the server.
   - Endpoint 2 uses the GET method, which is typically used to retrieve data without modifying it.

2. **Path**:
   - Endpoint 1 has a fixed path `/request/body/user`.
   - Endpoint 2 uses a path variable `{taskId}`, indicating the path will vary based on this variable and suggesting it is fetching a specific resource related to a task.

3. **Context**:
   - The context of Endpoint 1 suggests it deals with user-related operations, possibly involving request payloads since it's using the POST method at a path naming convention indicative of user operations.
   - The context of Endpoint 2 suggests it deals with task-related operations and specifically fetching tasks by their `taskId`.

Given the method, path, and context differences, these endpoints do not overlap in functionality or purpose, thus there is no conflict or equivalency between the two."
dubbo,SpringRestService,requestBodyUser,POST,/request/body/user,spring-boot-microservices,TaskController,getTasksByUserName,GET,/usertask/{userName},"No Conflict

The two endpoints are fundamentally different in both the HTTP method and the context of their operations. 

1. **HTTP Method**: 
   - Endpoint 1 uses the `POST` method, which is typically used to create or update resources. This implies it is likely used to receive data related to a user and possibly create or update a user-related resource.
   - Endpoint 2 uses the `GET` method, which is primarily used to retrieve data. This endpoint is fetching tasks associated with a specific user, identified by the `{userName}` path parameter.

2. **Path and Context**:
   - In Endpoint 1, the path `/request/body/user` suggests that it is interacting with a user-related resource, but the action is centered around processing or receiving user data.
   - In Endpoint 2, the path `/usertask/{userName}` indicates that it is retrieving tasks related to a user, focusing on fetching information rather than updating or creating anything.

Given these differences, the two endpoints operate in distinct contexts and do not interfere with each other’s operations. Thus, they are functionally unrelated and have no conflicting interaction."
